folder,average_original_distance,average_optimized_distance,optimal_route_file
asd,0.0,0.0,
test_results_wo_1,639.315750198997,588.4130532798176,5_2500_500_30_routes_wo_formula.csv
500 ite 10 rep 500 in 30 normal first 100,647.3420708677638,589.1685858487089,5_500_500_30_routes_wo_formula.csv
1000 ite 10 rep 500 initi 30 normal wo first 30 ants builds,652.1813844508358,591.1053903776565,6_500_1000_30_routes_wo_formula.csv
500 it 10 rep 500 initi 75 ant 30 best wo,642.6262164393506,591.6964362205429,9_500_500_75_routes_wo_formula.csv
500 iteration 10 repitation 500 initial 30 normal ants wo,650.7726343920633,595.0671929130297,1_500_500_30_routes_wo_formula.csv
test_results_wo,728.8933773694971,644.7980901902307,1_50_1000_20_routes_wo_formula.csv
test_results,853.8580994070359,682.624441035025,0_50_1000_20_routes_with_formula.csv
