current_id,current_latitude,current_longitude,duration,distance,next_id,next_latitude,next_longitude
MG-O9ES1GAX0UT0LMEC4ED1,40.982326,29.132531,4 dk.,"1,4 km",MG-0PAOFFWBA7LHKMQHZU5F,40.9789263,29.117322
MG-O9ES1GAX0UT0LMEC4ED1,40.982326,29.132531,9 dk.,"3,4 km",MG-XNG4VMYICFBH7V9KRD9P,40.9939749,29.1226758
MG-O9ES1GAX0UT0LMEC4ED1,40.982326,29.132531,6 dk.,"1,9 km",MG-OT3HMPVMUMGHFKJ2XSL8,40.9869642,29.1319157
MG-O9ES1GAX0UT0LMEC4ED1,40.982326,29.132531,18 dk.,"12,1 km",MG-CZPILZVKAZUAHNOIROBA,41.0213777,29.1436103
MG-O9ES1GAX0UT0LMEC4ED1,40.982326,29.132531,9 dk.,"3,6 km",MG-XYSU2IQIGAPSWURW4RZY,40.98750099999999,29.100184
MG-O9ES1GAX0UT0LMEC4ED1,40.982326,29.132531,12 dk.,"4,7 km",MG-HGLGFZLGIHSV4E8KEV0D,40.9980402,29.0997271
MG-O9ES1GAX0UT0LMEC4ED1,40.982326,29.132531,46 dk.,"26,0 km",MG-UK1XOQD21BHA8OJA9NQV,41.1366471,29.090461
